Dr. Amarpreet Singh Riar	
Dr. (Maj.)Sharad Shrivastava	
Dr. Anirban Biswas	
Dr. Aman Vij	
Dr. Mansi Arya	
Dr. Sunil Kumar Dwivedi	
Dr. Chhavi Bansal	
Dr. Sneh Khera	
Dr. Inderjeet Singh	
Dr. Suman Mohan	
Dr. Manish Munjal	
Dr. Ajay Jain	
Dr. Anshul Gupta	
Dr. B B Khatri	
Dr. Rajeev Adhana	
Dr. Vidit Tripathi	
Dr. Arun Wadhawan	
Dr. Neha Sood	
Dr. Vineet Narula	
Dr. Yogesh Jain	
Dr. Rakesh Singh	
Dr. Sudha Asokan	
Dr. Mahesh Shah	
Dr. S K Singh	
Dr. Sudhir Bhola	
Dr. Jyoti Arora Monga	
Dr. Vijay Abbot	
Dr. Rakesh Gupta	
Dr. Sugeeta Mutreja	
Dr. Ruchi Gupta	
Dr. Praveen Rustagi	
Dr. S.K Kashyap	
Dr. Nipun Jain	
Dr. Rohit Batra	
Dr. Lipy Gupta	
Dr. Gaurav Garg	
Dr. Parmil Kumar Sharma	
Dr. Shruti Gupta	
Dr. Manisha Chopra	
Dr. Ranjan Upadhyay	
Dr. Gayatri Bala Juneja	
